#,Couple name,Bunny 1,Bunny 2,Contributor,Sort ID
1,W-3-1 x W-4-1,W-3-1,W-4-1,Léananas,10311041
2,W-3-1 x N-3-1,W-3-1,N-3-1,Rayk,10312031
3,W-3-1 x N-4-1,W-3-1,N-4-1,Rayk,10312041
4,W-3-1 x C-3-1,W-3-1,C-3-1,Rayk,10313031
5,W-3-1 x S-3-1,W-3-1,S-3-1,Biroulik,10314031
6,W-3-1 x E-3-1,W-3-1,E-3-1,Saint Yin,10315031
7,W-3-1 x E-3-3,W-3-1,E-3-3,Saint Yin,10315033
8,W-4-1 x N-3-1,W-4-1,N-3-1,Biroulik,10412031
9,W-4-1 x N-4-1,W-4-1,N-4-1,Biroulik,10412041
10,W-4-1 x C-3-1,W-4-1,C-3-1,Léananas,10413031
11,W-4-1 x C-4-1,W-4-1,C-4-1,Biroulik,10413041
12,W-4-1 x S-3-1,W-4-1,S-3-1,Biroulik,10414031
13,W-4-1 x E-3-1,W-4-1,E-3-1,Saint Yin,10415031
14,W-4-1 x E-3-3,W-4-1,E-3-3,Saint Yin,10415033
15,W-6-1 x W-6-2,W-6-1,W-6-2,Rayk,10611062
16,W-6-1 x N-4-1,W-6-1,N-4-1,Stark,10612041
17,W-6-1 x N-5-1,W-6-1,N-5-1,Rayk,10612051
18,W-6-1 x C-4-1,W-6-1,C-4-1,unfandemcmillen,10613041
19,W-6-1 x C-5-1,W-6-1,C-5-1,Léananas,10613051
20,W-6-1 x S-4-1,W-6-1,S-4-1,Stark,10614041
21,W-6-2 x N-4-1,W-6-2,N-4-1,Stark,10622041
22,W-6-2 x N-5-1,W-6-2,N-5-1,Rayk,10622051
23,W-6-2 x C-4-1,W-6-2,C-4-1,unfandemcmillen,10623041
24,W-6-2 x C-5-1,W-6-2,C-5-1,Léananas,10623051
25,W-6-2 x S-4-1,W-6-2,S-4-1,Stark,10624041
26,W-7-1 x C-7-1,W-7-1,C-7-1,Léananas,10713071
27,W-8-1 x N-8-1,W-8-1,N-8-1,Biroulik,10812081
28,W-8-1 x N-10-1,W-8-1,N-10-1,Stark,10812101
29,W-8-1 x N-11-1,W-8-1,N-11-1,Stark,10812111
30,W-8-1 x C-8-1,W-8-1,C-8-1,Rayk,10813081
31,W-8-1 x C-9-1,W-8-1,C-9-1,Stark,10813091
32,W-8-1 x C-10-1,W-8-1,C-10-1,Stark,10813101
33,W-8-1 x S-10-1,W-8-1,S-10-1,Stark,10814101
34,W-8-1 x E-10-1,W-8-1,E-10-1,Stark,10815101
35,W-8-1 x E-12-1,W-8-1,E-12-1,Stark,10815121
36,W-8-1 x E-12-2,W-8-1,E-12-2,Stark,10815122
37,W-10-1 x N-10-1,W-10-1,N-10-1,Biroulik,11012101
38,W-10-1 x C-10-1,W-10-1,C-10-1,Biroulik,11013101
39,W-10-1 x S-10-1,W-10-1,S-10-1,Biroulik,11014101
40,W-11-1 x W-12-1,W-11-1,W-12-1,Rayk,11111121
41,W-11-1 x C-11-1,W-11-1,C-11-1,Rayk,11113111
42,W-12-1 x C-11-1,W-12-1,C-11-1,Rayk,11213111
43,W-13-1 x C-13-1,W-13-1,C-13-1,Rayk,11313131
44,W-15-1 x W-16-1,W-15-1,W-16-1,lapogne36,11511161
45,W-15-1 x W-17-1,W-15-1,W-17-1,lapogne36,11511171
46,W-15-1 x W-18-1,W-15-1,W-18-1,lapogne36,11511181
47,W-16-1 x W-17-1,W-16-1,W-17-1,Biroulik,11611171
48,W-16-1 x W-18-1,W-16-1,W-18-1,Biroulik,11611181
49,W-17-1 x W-18-1,W-17-1,W-18-1,Biroulik,11711181
50,N-2-1 x C-1-1,N-2-1,C-1-1,Léananas,20213011
51,N-2-1 x C-2-1,N-2-1,C-2-1,Léananas,20213021
52,N-2-1 x C-3-1,N-2-1,C-3-1,Biroulik,20213031
53,N-2-1 x E-2-1,N-2-1,E-2-1,Biroulik,20215021
54,N-3-1 x N-4-1,N-3-1,N-4-1,Rayk,20312041
55,N-3-1 x C-3-1,N-3-1,C-3-1,Rayk,20313031
56,N-3-1 x S-3-1,N-3-1,S-3-1,Biroulik,20314031
57,N-3-1 x E-3-1,N-3-1,E-3-1,Saint Yin,20315031
58,N-3-1 x E-3-3,N-3-1,E-3-3,Saint Yin,20315033
59,N-4-1 x N-5-1,N-4-1,N-5-1,Rayk,20412051
60,N-4-1 x N-6-1,N-4-1,N-6-1,Rayk,20412061
61,N-4-1 x C-3-1,N-4-1,C-3-1,Rayk,20413031
62,N-4-1 x C-4-1,N-4-1,C-4-1,Rayk,20413041
63,N-4-1 x C-5-1,N-4-1,C-5-1,Rayk,20413051
64,N-4-1 x S-3-1,N-4-1,S-3-1,Biroulik,20414031
65,N-4-1 x E-3-1,N-4-1,E-3-1,Saint Yin,20415031
66,N-4-1 x E-3-3,N-4-1,E-3-3,Saint Yin,20415033
67,N-5-1 x N-6-1,N-5-1,N-6-1,Rayk,20512061
68,N-5-1 x C-4-1,N-5-1,C-4-1,Biroulik,20513041
69,N-5-1 x C-5-1,N-5-1,C-5-1,Rayk,20513051
70,N-5-1 x S-4-1,N-5-1,S-4-1,Léananas,20514041
71,N-6-1 x C-4-1,N-6-1,C-4-1,Biroulik,20613041
72,N-6-1 x C-5-1,N-6-1,C-5-1,Rayk,20613051
73,N-6-1 x S-4-1,N-6-1,S-4-1,Léananas,20614041
74,N-7-1 x C-7-1,N-7-1,C-7-1,Léananas,20713071
75,N-8-1 x N-10-1,N-8-1,N-10-1,Stark,20812101
76,N-8-1 x N-11-1,N-8-1,N-11-1,Stark,20812111
77,N-8-1 x C-8-1,N-8-1,C-8-1,Stark,20813081
78,N-8-1 x C-9-1,N-8-1,C-9-1,Stark,20813091
79,N-8-1 x C-10-1,N-8-1,C-10-1,Stark,20813101
80,N-8-1 x S-10-1,N-8-1,S-10-1,Stark,20814101
81,N-8-1 x E-10-1,N-8-1,E-10-1,Stark,20815101
82,N-8-1 x E-12-1,N-8-1,E-12-1,Stark,20815121
83,N-8-1 x E-12-2,N-8-1,E-12-2,Stark,20815122
84,N-10-1 x N-11-1,N-10-1,N-11-1,Biroulik,21012111
85,N-10-1 x C-8-1,N-10-1,C-8-1,Stark,21013081
86,N-10-1 x C-9-1,N-10-1,C-9-1,Biroulik,21013091
87,N-10-1 x C-10-1,N-10-1,C-10-1,Léananas,21013101
88,N-10-1 x S-9-1,N-10-1,S-9-1,Biroulik,21014091
89,N-10-1 x S-10-1,N-10-1,S-10-1,Léananas,21014101
90,N-10-1 x E-9-2,N-10-1,E-9-2,Biroulik,21015092
91,N-10-1 x E-10-1,N-10-1,E-10-1,Biroulik,21015101
92,N-10-1 x E-12-1,N-10-1,E-12-1,Biroulik,21015121
93,N-10-1 x E-12-2,N-10-1,E-12-2,Biroulik,21015122
94,N-11-1 x C-8-1,N-11-1,C-8-1,Stark,21113081
95,N-11-1 x C-9-1,N-11-1,C-9-1,Stark,21113091
96,N-11-1 x C-10-1,N-11-1,C-10-1,Biroulik,21113101
97,N-11-1 x S-9-1,N-11-1,S-9-1,Stark,21114091
98,N-11-1 x S-10-1,N-11-1,S-10-1,Biroulik,21114101
99,N-11-1 x E-9-2,N-11-1,E-9-2,unfandemcmillen,21115092
100,N-12-1 x N-13-1,N-12-1,N-13-1,Rayk,21212131
101,N-12-1 x N-13-3,N-12-1,N-13-3,Rayk,21212133
102,N-12-1 x N-14-1,N-12-1,N-14-1,Rayk,21212141
103,N-12-1 x N-15-1,N-12-1,N-15-1,Rayk,21212151
104,N-12-1 x N-16-1,N-12-1,N-16-1,Rayk,21212161
105,N-12-1 x N-17-1,N-12-1,N-17-1,Rayk,21212171
106,N-12-1 x N-18-1,N-12-1,N-18-1,Rayk,21212181
107,N-12-1 x C-13-1,N-12-1,C-13-1,Rayk,21213131
108,N-13-1 x N-13-2,N-13-1,N-13-2,Rayk,21312132
109,N-13-1 x N-13-3,N-13-1,N-13-3,Rayk,21312133
110,N-13-1 x N-14-1,N-13-1,N-14-1,Rayk,21312141
111,N-13-1 x N-15-1,N-13-1,N-15-1,Rayk,21312151
112,N-13-1 x N-16-1,N-13-1,N-16-1,Rayk,21312161
113,N-13-1 x N-17-1,N-13-1,N-17-1,Rayk,21312171
114,N-13-1 x N-18-1,N-13-1,N-18-1,Rayk,21312181
115,N-13-1 x C-13-1,N-13-1,C-13-1,Rayk,21313131
116,N-13-2 x N-13-3,N-13-2,N-13-3,lapogne36,21322133
117,N-13-2 x N-14-1,N-13-2,N-14-1,calvin.love,21322141
118,N-13-2 x N-15-1,N-13-2,N-15-1,calvin.love,21322151
119,N-13-2 x N-16-1,N-13-2,N-16-1,calvin.love,21322161
120,N-13-2 x N-17-1,N-13-2,N-17-1,calvin.love,21322171
121,N-13-2 x N-18-1,N-13-2,N-18-1,calvin.love,21322181
122,N-13-2 x C-13-1,N-13-2,C-13-1,Léananas,21323131
123,N-13-3 x N-14-1,N-13-3,N-14-1,Biroulik,21332141
124,N-13-3 x N-15-1,N-13-3,N-15-1,Biroulik,21332151
125,N-13-3 x N-16-1,N-13-3,N-16-1,Biroulik,21332161
126,N-13-3 x N-17-1,N-13-3,N-17-1,Biroulik,21332171
127,N-13-3 x N-18-1,N-13-3,N-18-1,Biroulik,21332181
128,N-13-3 x C-13-1,N-13-3,C-13-1,Léananas,21333131
129,N-14-1 x N-15-1,N-14-1,N-15-1,Rayk,21412151
130,N-14-1 x N-16-1,N-14-1,N-16-1,Rayk,21412161
131,N-14-1 x N-17-1,N-14-1,N-17-1,Rayk,21412171
132,N-14-1 x N-18-1,N-14-1,N-18-1,Rayk,21412181
133,N-14-1 x C-13-1,N-14-1,C-13-1,Rayk,21413131
134,N-15-1 x N-16-1,N-15-1,N-16-1,Rayk,21512161
135,N-15-1 x N-17-1,N-15-1,N-17-1,Rayk,21512171
136,N-15-1 x N-18-1,N-15-1,N-18-1,Rayk,21512181
137,N-15-1 x C-13-1,N-15-1,C-13-1,Rayk,21513131
138,N-16-1 x N-17-1,N-16-1,N-17-1,Rayk,21612171
139,N-16-1 x N-18-1,N-16-1,N-18-1,Rayk,21612181
140,N-16-1 x C-13-1,N-16-1,C-13-1,Rayk,21613131
141,N-17-1 x N-18-1,N-17-1,N-18-1,Rayk,21712181
142,N-17-1 x C-13-1,N-17-1,C-13-1,Rayk,21713131
143,N-17-1 x C-17-1,N-17-1,C-17-1,Léananas,21713171
144,N-18-1 x C-13-1,N-18-1,C-13-1,Rayk,21813131
145,N-18-1 x C-17-1,N-18-1,C-17-1,Biroulik,21813171
146,C-1-1 x C-2-1,C-1-1,C-2-1,Rayk,30113021
147,C-1-1 x C-3-1,C-1-1,C-3-1,Rayk,30113031
148,C-2-1 x C-3-1,C-2-1,C-3-1,Rayk,30213031
149,C-2-1 x E-2-1,C-2-1,E-2-1,Rayk,30215021
150,C-3-1 x C-4-1,C-3-1,C-4-1,unfandemcmillen,30313041
151,C-3-1 x S-3-1,C-3-1,S-3-1,Biroulik,30314031
152,C-3-1 x S-4-1,C-3-1,S-4-1,Rayk,30314041
153,C-3-1 x S-5-1,C-3-1,S-5-1,Rayk,30314051
154,C-3-1 x S-6-1,C-3-1,S-6-1,Rayk,30314061
155,C-3-1 x E-2-1,C-3-1,E-2-1,Rayk,30315021
156,C-3-1 x E-3-1,C-3-1,E-3-1,Rayk,30315031
157,C-3-1 x E-3-3,C-3-1,E-3-3,Rayk,30315033
158,C-3-1 x E-4-1,C-3-1,E-4-1,Stark,30315041
159,C-4-1 x C-5-1,C-4-1,C-5-1,Biroulik,30413051
160,C-4-1 x S-3-1,C-4-1,S-3-1,unfandemcmillen,30414031
161,C-4-1 x E-3-1,C-4-1,E-3-1,unfandemcmillen,30415031
162,C-4-1 x E-3-3,C-4-1,E-3-3,unfandemcmillen,30415033
163,C-4-1 x E-4-1,C-4-1,E-4-1,Biroulik,30415041
164,C-5-1 x S-4-1,C-5-1,S-4-1,Léananas,30514041
165,C-5-1 x S-5-1,C-5-1,S-5-1,Léananas,30514051
166,C-5-1 x E-6-1,C-5-1,E-6-1,Léananas,30515061
167,C-5-1 x E-7-1,C-5-1,E-7-1,Pricey,30515071
168,C-5-1 x E-8-1,C-5-1,E-8-1,Léananas,30515081
169,C-6-1 x C-7-1,C-6-1,C-7-1,Rayk,30613071
170,C-6-1 x E-6-1,C-6-1,E-6-1,Biroulik,30615061
171,C-6-1 x E-8-1,C-6-1,E-8-1,Biroulik,30615081
172,C-7-1 x S-7-1,C-7-1,S-7-1,Biroulik,30714071
173,C-7-1 x S-8-1,C-7-1,S-8-1,Biroulik,30714081
174,C-8-1 x C-9-1,C-8-1,C-9-1,Stark,30813091
175,C-8-1 x C-10-1,C-8-1,C-10-1,Stark,30813101
176,C-8-1 x S-10-1,C-8-1,S-10-1,Stark,30814101
177,C-8-1 x E-8-1,C-8-1,E-8-1,Biroulik,30815081
178,C-8-1 x E-10-1,C-8-1,E-10-1,Stark,30815101
179,C-8-1 x E-12-1,C-8-1,E-12-1,Stark,30815121
180,C-8-1 x E-12-2,C-8-1,E-12-2,Stark,30815122
181,C-9-1 x C-10-1,C-9-1,C-10-1,Biroulik,30913101
182,C-9-1 x S-9-1,C-9-1,S-9-1,Rayk,30914091
183,C-9-1 x S-10-1,C-9-1,S-10-1,Biroulik,30914101
184,C-9-1 x E-9-2,C-9-1,E-9-2,Biroulik,30915092
185,C-9-1 x E-10-1,C-9-1,E-10-1,Biroulik,30915101
186,C-9-1 x E-12-1,C-9-1,E-12-1,Biroulik,30915121
187,C-9-1 x E-12-2,C-9-1,E-12-2,Biroulik,30915122
188,C-10-1 x S-9-1,C-10-1,S-9-1,Biroulik,31014091
189,C-10-1 x S-10-1,C-10-1,S-10-1,Léananas,31014101
190,C-10-1 x E-9-2,C-10-1,E-9-2,Biroulik,31015092
191,C-10-1 x E-10-1,C-10-1,E-10-1,Biroulik,31015101
192,C-10-1 x E-12-1,C-10-1,E-12-1,Biroulik,31015121
193,C-10-1 x E-12-2,C-10-1,E-12-2,Biroulik,31015122
194,C-11-1 x C-12-1,C-11-1,C-12-1,Léananas,31113121
195,C-11-1 x S-10-1,C-11-1,S-10-1,Biroulik,31114101
196,C-11-1 x E-12-1,C-11-1,E-12-1,Léananas,31115121
197,C-11-1 x E-12-2,C-11-1,E-12-2,Saint Yin,31115122
198,C-12-1 x S-10-1,C-12-1,S-10-1,lapogne36,31214101
199,C-12-1 x E-12-1,C-12-1,E-12-1,Biroulik,31215121
200,C-13-1 x S-13-1,C-13-1,S-13-1,Léananas,31314131
201,C-15-1 x C-16-1,C-15-1,C-16-1,Biroulik,31513161
202,C-18-1 x C-19-1,C-18-1,C-19-1,Biroulik,31813191
203,S-3-1 x S-4-1,S-3-1,S-4-1,Rayk,40314041
204,S-3-1 x S-5-1,S-3-1,S-5-1,Rayk,40314051
205,S-3-1 x S-6-1,S-3-1,S-6-1,Rayk,40314061
206,S-3-1 x E-3-1,S-3-1,E-3-1,Biroulik,40315031
207,S-3-1 x E-3-3,S-3-1,E-3-3,Biroulik,40315033
208,S-3-1 x E-4-1,S-3-1,E-4-1,Biroulik,40315041
209,S-4-1 x S-5-1,S-4-1,S-5-1,Rayk,40414051
210,S-4-1 x S-6-1,S-4-1,S-6-1,Rayk,40414061
211,S-4-1 x E-3-1,S-4-1,E-3-1,Biroulik,40415031
212,S-4-1 x E-3-3,S-4-1,E-3-3,Rayk,40415033
213,S-4-1 x E-4-1,S-4-1,E-4-1,Rayk,40415041
214,S-5-1 x S-6-1,S-5-1,S-6-1,Rayk,40514061
215,S-5-1 x E-3-1,S-5-1,E-3-1,Biroulik,40515031
216,S-5-1 x E-3-3,S-5-1,E-3-3,Rayk,40515033
217,S-5-1 x E-4-1,S-5-1,E-4-1,Rayk,40515041
218,S-6-1 x E-3-1,S-6-1,E-3-1,Biroulik,40615031
219,S-6-1 x E-3-3,S-6-1,E-3-3,Rayk,40615033
220,S-6-1 x E-4-1,S-6-1,E-4-1,Rayk,40615041
221,S-7-1 x S-8-1,S-7-1,S-8-1,Biroulik,40714081
222,S-9-1 x S-10-1,S-9-1,S-10-1,Biroulik,40914101
223,S-9-1 x E-10-1,S-9-1,E-10-1,Biroulik,40915101
224,S-9-1 x E-12-1,S-9-1,E-12-1,Biroulik,40915121
225,S-9-1 x E-12-2,S-9-1,E-12-2,Biroulik,40915122
226,S-10-1 x E-9-2,S-10-1,E-9-2,Biroulik,41015092
227,S-10-1 x E-10-1,S-10-1,E-10-1,Biroulik,41015101
228,S-10-1 x E-12-1,S-10-1,E-12-1,Biroulik,41015121
229,S-10-1 x E-12-2,S-10-1,E-12-2,Biroulik,41015122
230,S-14-1 x S-15-1,S-14-1,S-15-1,unfandemcmillen,41414151
231,S-14-1 x S-16-1,S-14-1,S-16-1,unfandemcmillen,41414161
232,S-14-1 x S-17-1,S-14-1,S-17-1,unfandemcmillen,41414171
233,S-14-1 x S-18-1,S-14-1,S-18-1,unfandemcmillen,41414181
234,S-14-1 x S-19-1,S-14-1,S-19-1,unfandemcmillen,41414191
235,S-15-1 x S-16-1,S-15-1,S-16-1,unfandemcmillen,41514161
236,S-15-1 x S-17-1,S-15-1,S-17-1,unfandemcmillen,41514171
237,S-15-1 x S-18-1,S-15-1,S-18-1,unfandemcmillen,41514181
238,S-15-1 x S-19-1,S-15-1,S-19-1,unfandemcmillen,41514191
239,S-16-1 x S-17-1,S-16-1,S-17-1,Léananas,41614171
240,S-16-1 x S-18-1,S-16-1,S-18-1,unfandemcmillen,41614181
241,S-16-1 x S-19-1,S-16-1,S-19-1,unfandemcmillen,41614191
242,S-17-1 x S-18-1,S-17-1,S-18-1,unfandemcmillen,41714181
243,S-17-1 x S-19-1,S-17-1,S-19-1,unfandemcmillen,41714191
244,S-18-1 x S-19-1,S-18-1,S-19-1,unfandemcmillen,41814191
245,E-1-1 x E-2-1,E-1-1,E-2-1,Rayk,50115021
246,E-1-1 x E-3-1,E-1-1,E-3-1,Rayk,50115031
247,E-1-1 x E-3-3,E-1-1,E-3-3,Rayk,50115033
248,E-1-1 x E-3-4,E-1-1,E-3-4,Rayk,50115034
249,E-1-1 x E-4-1,E-1-1,E-4-1,Rayk,50115041
250,E-2-1 x E-3-1,E-2-1,E-3-1,Rayk,50215031
251,E-2-1 x E-3-3,E-2-1,E-3-3,Rayk,50215033
252,E-2-1 x E-3-4,E-2-1,E-3-4,Rayk,50215034
253,E-2-1 x E-4-1,E-2-1,E-4-1,Rayk,50215041
254,E-3-1 x E-3-3,E-3-1,E-3-3,Rayk,50315033
255,E-3-1 x E-4-1,E-3-1,E-4-1,Rayk,50315041
256,E-3-2 x E-3-4,E-3-2,E-3-4,Rayk,50325034
257,E-3-2 x E-4-1,E-3-2,E-4-1,Léananas,50325041
258,E-3-3 x E-4-1,E-3-3,E-4-1,Léananas,50335041
259,E-3-4 x E-4-1,E-3-4,E-4-1,Rayk,50345041
260,E-6-1 x E-7-1,E-6-1,E-7-1,Léananas,50615071
261,E-6-1 x E-8-1,E-6-1,E-8-1,Léananas,50615081
262,E-9-2 x E-10-1,E-9-2,E-10-1,Biroulik,50925101
263,E-9-2 x E-12-1,E-9-2,E-12-1,Biroulik,50925121
264,E-9-2 x E-12-2,E-9-2,E-12-2,Biroulik,50925122
265,E-10-1 x E-10-2,E-10-1,E-10-2,Léananas,51015102
266,E-10-1 x E-12-1,E-10-1,E-12-1,Biroulik,51015121
267,E-10-1 x E-12-2,E-10-1,E-12-2,Biroulik,51015122
268,E-10-2 x E-12-1,E-10-2,E-12-1,lapogne36,51025121
269,E-10-2 x E-12-2,E-10-2,E-12-2,lapogne36,51025122
270,E-12-1 x E-12-2,E-12-1,E-12-2,Rayk,51215122